<?xml version="1.0" encoding="utf-8"?>

<window>
	<bhs_stamina x="0" y="0" width="71" height="10" horz="1" min="0" max="100">
		<progress stretch="1">
			<texture>ui_dynahud_bhs_stamina</texture>
		</progress>
	</bhs_stamina>
	<bhs_health x="0" y="0" width="26" height="46" min="0" max="100">
		<progress stretch="1">
			<texture>ui_dynahud_bhs_health</texture>
		</progress>
	</bhs_health>
	

	<bhs_health_bodypart x="0" y="0" width="20" height="4" horz="1" min="0" max="100">
		<progress stretch="1">
			<texture>ui_dynahud_bhs_bar</texture>
		</progress>
	</bhs_health_bodypart>

	<bhs_health_bodypart2 x="0" y="0" width="20" height="4" horz="1" min="0" max="100">
		<progress stretch="1">
			<texture>ui_dynahud_bhs_bar</texture>
		</progress>
	</bhs_health_bodypart2>
	
	<bhs_health_bodypart3 x="0" y="0" width="20" height="4" horz="1" min="0" max="100">
		<progress stretch="1">
			<texture>ui_dynahud_bhs_bar</texture>
		</progress>
	</bhs_health_bodypart3>
	
	<bhs_health_bodypart4 x="0" y="0" width="20" height="4" horz="1" min="0" max="100">
		<progress stretch="1">
			<texture>ui_dynahud_bhs_bar</texture>
		</progress>
	</bhs_health_bodypart4>
	
	<bhs_health_bodypart5 x="0" y="0" width="20" height="4" horz="1" min="0" max="100">
		<progress stretch="1">
			<texture>ui_dynahud_bhs_bar</texture>
		</progress>
	</bhs_health_bodypart5>
	
	<bhs_health_bodypart6 x="0" y="0" width="20" height="4" horz="1" min="0" max="100">
		<progress stretch="1">
			<texture>ui_dynahud_bhs_bar</texture>
		</progress>
	</bhs_health_bodypart6>	
	
	<bhs_health_bodypart_green x="0" y="0" width="20" height="4" horz="1" min="0" max="100">
		<progress stretch="1">
			<texture>ui_dynahud_bhs_bar_green</texture>
		</progress>
	</bhs_health_bodypart_green>

	<bhs_health_bodypart_green2 x="0" y="0" width="20" height="4" horz="1" min="0" max="100">
		<progress stretch="1">
			<texture>ui_dynahud_bhs_bar_green</texture>
		</progress>
	</bhs_health_bodypart_green2>
	
	<bhs_health_bodypart_green3 x="0" y="0" width="20" height="4" horz="1" min="0" max="100">
		<progress stretch="1">
			<texture>ui_dynahud_bhs_bar_green</texture>
		</progress>
	</bhs_health_bodypart_green3>
	
	<bhs_health_bodypart_green4 x="0" y="0" width="20" height="4" horz="1" min="0" max="100">
		<progress stretch="1">
			<texture>ui_dynahud_bhs_bar_green</texture>
		</progress>
	</bhs_health_bodypart_green4>
	
	<bhs_health_bodypart_green5 x="0" y="0" width="20" height="4" horz="1" min="0" max="100">
		<progress stretch="1">
			<texture>ui_dynahud_bhs_bar_green</texture>
		</progress>
	</bhs_health_bodypart_green5>

	<bhs_health_bodypart_green6 x="0" y="0" width="20" height="4" horz="1" min="0" max="100">
		<progress stretch="1">
			<texture>ui_dynahud_bhs_bar_green</texture>
		</progress>
	</bhs_health_bodypart_green6>
	
	<bhs_health_bodypart_blue x="0" y="0" width="20" height="4" horz="1" min="0" max="100">
		<progress stretch="1">
			<texture>ui_dynahud_bhs_bar_blue</texture>
		</progress>
	</bhs_health_bodypart_blue>
	<bhs_health_bodypart_blue2 x="0" y="0" width="20" height="4" horz="1" min="0" max="100">
		<progress stretch="1">
			<texture>ui_dynahud_bhs_bar_blue</texture>
		</progress>
	</bhs_health_bodypart_blue2>
	<bhs_health_bodypart_blue3 x="0" y="0" width="20" height="4" horz="1" min="0" max="100">
		<progress stretch="1">
			<texture>ui_dynahud_bhs_bar_blue</texture>
		</progress>
	</bhs_health_bodypart_blue3>
	<bhs_health_bodypart_blue4 x="0" y="0" width="20" height="4" horz="1" min="0" max="100">
		<progress stretch="1">
			<texture>ui_dynahud_bhs_bar_blue</texture>
		</progress>
	</bhs_health_bodypart_blue4>
	<bhs_health_bodypart_blue5 x="0" y="0" width="20" height="4" horz="1" min="0" max="100">
		<progress stretch="1">
			<texture>ui_dynahud_bhs_bar_blue</texture>
		</progress>
	</bhs_health_bodypart_blue5>
	<bhs_health_bodypart_blue6 x="0" y="0" width="20" height="4" horz="1" min="0" max="100">
		<progress stretch="1">
			<texture>ui_dynahud_bhs_bar_blue</texture>
		</progress>
	</bhs_health_bodypart_blue6>
		
	<!-- 4:3 here -->

	<bhs_stamina_43 x="0" y="0" width="95" height="10" horz="1" min="0" max="100">
		<progress stretch="1">
			<texture>ui_dynahud_bhs_stamina</texture>
		</progress>
	</bhs_stamina_43>
	<bhs_health_43 x="0" y="0" width="34" height="87" min="0" max="100">
		<progress stretch="1">
			<texture>ui_dynahud_bhs_health</texture>
		</progress>
	</bhs_health_43>
	

	<bhs_health_bodypart_43 x="0" y="0" width="28" height="4" horz="1" min="0" max="100">
		<progress stretch="1">
			<texture>ui_dynahud_bhs_bar</texture>
		</progress>
	</bhs_health_bodypart_43>
	
	<bhs_health_bodypart2_43 x="0" y="0" width="28" height="4" horz="1" min="0" max="100">
		<progress stretch="1">
			<texture>ui_dynahud_bhs_bar</texture>
		</progress>
	</bhs_health_bodypart2_43>

	<bhs_health_bodypart3_43 x="0" y="0" width="28" height="4" horz="1" min="0" max="100">
		<progress stretch="1">
			<texture>ui_dynahud_bhs_bar</texture>
		</progress>
	</bhs_health_bodypart3_43>
	
	<bhs_health_bodypart4_43 x="0" y="0" width="28" height="4" horz="1" min="0" max="100">
		<progress stretch="1">
			<texture>ui_dynahud_bhs_bar</texture>
		</progress>
	</bhs_health_bodypart4_43>

	<bhs_health_bodypart5_43 x="0" y="0" width="28" height="4" horz="1" min="0" max="100">
		<progress stretch="1">
			<texture>ui_dynahud_bhs_bar</texture>
		</progress>
	</bhs_health_bodypart5_43>

	<bhs_health_bodypart6_43 x="0" y="0" width="28" height="4" horz="1" min="0" max="100">
		<progress stretch="1">
			<texture>ui_dynahud_bhs_bar</texture>
		</progress>
	</bhs_health_bodypart6_43>		

	<bhs_health_bodypart_green_43 x="0" y="0" width="28" height="4" horz="1" min="0" max="100">
		<progress stretch="1">
			<texture>ui_dynahud_bhs_bar_green</texture>
		</progress>
	</bhs_health_bodypart_green_43>
	
	<bhs_health_bodypart2_43 x="0" y="0" width="28" height="4" horz="1" min="0" max="100">
		<progress stretch="1">
			<texture>ui_dynahud_bhs_bar_green</texture>
		</progress>
	</bhs_health_bodypart2_43>

	<bhs_health_bodypart3_43 x="0" y="0" width="28" height="4" horz="1" min="0" max="100">
		<progress stretch="1">
			<texture>ui_dynahud_bhs_bar_green</texture>
		</progress>
	</bhs_health_bodypart3_43>

	<bhs_health_bodypart4_43 x="0" y="0" width="28" height="4" horz="1" min="0" max="100">
		<progress stretch="1">
			<texture>ui_dynahud_bhs_bar_green</texture>
		</progress>
	</bhs_health_bodypart4_43>

	<bhs_health_bodypart5_43 x="0" y="0" width="28" height="4" horz="1" min="0" max="100">
		<progress stretch="1">
			<texture>ui_dynahud_bhs_bar_green</texture>
		</progress>
	</bhs_health_bodypart5_43>

	<bhs_health_bodypart6_43 x="0" y="0" width="28" height="4" horz="1" min="0" max="100">
		<progress stretch="1">
			<texture>ui_dynahud_bhs_bar_green</texture>
		</progress>
	</bhs_health_bodypart6_43>
	<bhs_health_bodypart_blue_43 x="0" y="0" width="28" height="4" horz="1" min="0" max="100">
		<progress stretch="1">
			<texture>ui_dynahud_bhs_bar_blue</texture>
		</progress>
	</bhs_health_bodypart_blue_43>
	<bhs_health_bodypart_blue2_43 x="0" y="0" width="28" height="4" horz="1" min="0" max="100">
		<progress stretch="1">
			<texture>ui_dynahud_bhs_bar_blue</texture>
		</progress>
	</bhs_health_bodypart_blue2_43>
	<bhs_health_bodypart_blue3_43 x="0" y="0" width="28" height="4" horz="1" min="0" max="100">
		<progress stretch="1">
			<texture>ui_dynahud_bhs_bar_blue</texture>
		</progress>
	</bhs_health_bodypart_blue3_43>
	<bhs_health_bodypart_blue4_43 x="0" y="0" width="28" height="4" horz="1" min="0" max="100">
		<progress stretch="1">
			<texture>ui_dynahud_bhs_bar_blue</texture>
		</progress>
	</bhs_health_bodypart_blue4_43>
	<bhs_health_bodypart_blue5_43 x="0" y="0" width="28" height="4" horz="1" min="0" max="100">
		<progress stretch="1">
			<texture>ui_dynahud_bhs_bar_blue</texture>
		</progress>
	</bhs_health_bodypart_blue5_43>
	<bhs_health_bodypart_blue6_43 x="0" y="0" width="28" height="4" horz="1" min="0" max="100">
		<progress stretch="1">
			<texture>ui_dynahud_bhs_bar_blue</texture>
		</progress>
	</bhs_health_bodypart_blue6_43>

	<!-- 16:10 here -->

	<bhs_stamina_1610 x="0" y="0" width="71" height="10" horz="1" min="0" max="100">
		<progress stretch="1">
			<texture>ui_dynahud_bhs_stamina</texture>
		</progress>
	</bhs_stamina_1610>
	<bhs_health_1610 x="0" y="0" width="25" height="87" min="0" max="111">
		<progress stretch="1">
			<texture>ui_dynahud_bhs_health</texture>
		</progress>
	</bhs_health_1610>
	

	<bhs_health_bodypart_1610 x="0" y="0" width="20" height="4" horz="1" min="0" max="100">
		<progress stretch="1">
			<texture>ui_dynahud_bhs_bar</texture>
		</progress>
	</bhs_health_bodypart_1610>
	
	<bhs_health_bodypart2_1610 x="0" y="0" width="20" height="4" horz="1" min="0" max="100">
		<progress stretch="1">
			<texture>ui_dynahud_bhs_bar</texture>
		</progress>
	</bhs_health_bodypart2_1610>
	
	<bhs_health_bodypart3_1610 x="0" y="0" width="20" height="4" horz="1" min="0" max="100">
		<progress stretch="1">
			<texture>ui_dynahud_bhs_bar</texture>
		</progress>
	</bhs_health_bodypart3_1610>
	
	<bhs_health_bodypart4_1610 x="0" y="0" width="20" height="4" horz="1" min="0" max="100">
		<progress stretch="1">
			<texture>ui_dynahud_bhs_bar</texture>
		</progress>
	</bhs_health_bodypart4_1610>
	
	<bhs_health_bodypart5_1610 x="0" y="0" width="20" height="4" horz="1" min="0" max="100">
		<progress stretch="1">
			<texture>ui_dynahud_bhs_bar</texture>
		</progress>
	</bhs_health_bodypart5_1610>
	
	<bhs_health_bodypart6_1610 x="0" y="0" width="20" height="4" horz="1" min="0" max="100">
		<progress stretch="1">
			<texture>ui_dynahud_bhs_bar</texture>
		</progress>
	</bhs_health_bodypart6_1610>	
	
	<bhs_health_bodypart_green_1610 x="0" y="0" width="20" height="4" horz="1" min="0" max="100">
		<progress stretch="1">
			<texture>ui_dynahud_bhs_bar_green</texture>
		</progress>
	</bhs_health_bodypart_green_1610>

	<bhs_health_bodypart_green2_1610 x="0" y="0" width="20" height="4" horz="1" min="0" max="100">
		<progress stretch="1">
			<texture>ui_dynahud_bhs_bar_green</texture>
		</progress>
	</bhs_health_bodypart_green2_1610>
	
	<bhs_health_bodypart_green3_1610 x="0" y="0" width="20" height="4" horz="1" min="0" max="100">
		<progress stretch="1">
			<texture>ui_dynahud_bhs_bar_green</texture>
		</progress>
	</bhs_health_bodypart_green3_1610>
	
	<bhs_health_bodypart_green4_1610 x="0" y="0" width="20" height="4" horz="1" min="0" max="100">
		<progress stretch="1">
			<texture>ui_dynahud_bhs_bar_green</texture>
		</progress>
	</bhs_health_bodypart_green4_1610>
	
	<bhs_health_bodypart_green5_1610 x="0" y="0" width="20" height="4" horz="1" min="0" max="100">
		<progress stretch="1">
			<texture>ui_dynahud_bhs_bar_green</texture>
		</progress>
	</bhs_health_bodypart_green5_1610>

	<bhs_health_bodypart_green6_1610 x="0" y="0" width="20" height="4" horz="1" min="0" max="100">
		<progress stretch="1">
			<texture>ui_dynahud_bhs_bar_green</texture>
		</progress>
	</bhs_health_bodypart_green6_1610>	
	<bhs_health_bodypart_blue_1610 x="0" y="0" width="20" height="4" horz="1" min="0" max="100">
		<progress stretch="1">
			<texture>ui_dynahud_bhs_bar_blue</texture>
		</progress>
	</bhs_health_bodypart_blue_1610>
	<bhs_health_bodypart_blue2_1610 x="0" y="0" width="20" height="4" horz="1" min="0" max="100">
		<progress stretch="1">
			<texture>ui_dynahud_bhs_bar_blue</texture>
		</progress>
	</bhs_health_bodypart_blue2_1610>
	<bhs_health_bodypart_blue3_1610 x="0" y="0" width="20" height="4" horz="1" min="0" max="100">
		<progress stretch="1">
			<texture>ui_dynahud_bhs_bar_blue</texture>
		</progress>
	</bhs_health_bodypart_blue3_1610>
	<bhs_health_bodypart_blue4_1610 x="0" y="0" width="20" height="4" horz="1" min="0" max="100">
		<progress stretch="1">
			<texture>ui_dynahud_bhs_bar_blue</texture>
		</progress>
	</bhs_health_bodypart_blue4_1610>
	<bhs_health_bodypart_blue5_1610 x="0" y="0" width="20" height="4" horz="1" min="0" max="100">
		<progress stretch="1">
			<texture>ui_dynahud_bhs_bar_blue</texture>
		</progress>
	</bhs_health_bodypart_blue5_1610>
	<bhs_health_bodypart_blue6_1610 x="0" y="0" width="20" height="4" horz="1" min="0" max="100">
		<progress stretch="1">
			<texture>ui_dynahud_bhs_bar_blue</texture>
		</progress>
	</bhs_health_bodypart_blue6_1610>
	


</window>